{
    "HighCut Frequency": 10543.0,
    "HighCut Slope": 3.0,
    "LowCut Frequency": 137.0,
    "LowCut Slope": 0.0,
    "Peak1 Frequency": 1006.0,
    "Peak1 Gain": 22.10000228881836,
    "Peak1 Q": 4.099999904632568,
    "Peak2 Frequency": 4000.0,
    "Peak2 Gain": 0.0,
    "Peak2 Q": 1.0,
    "Peak3 Frequency": 10000.0,
    "Peak3 Gain": 0.0,
    "Peak3 Q": 1.0
}
