{
    "HighCut Frequency": 17158.0,
    "HighCut Slope": 1.0,
    "LowCut Frequency": 20.0,
    "LowCut Slope": 2.0,
    "Peak1 Frequency": 4320.0,
    "Peak1 Gain": 0.0,
    "Peak1 Q": 1.0,
    "Peak2 Frequency": 239.0,
    "Peak2 Gain": 13.60000228881836,
    "Peak2 Q": 2.299999952316284,
    "Peak3 Frequency": 1577.0,
    "Peak3 Gain": -4.799999237060547,
    "Peak3 Q": 1.600000023841858
}
